id_convocatoria,numero_bdns,titulo,organo,fecha_publicacion,tipo,estado,url,fuente,importe_total_eur,n_beneficiarios
1117747,916186,"Resolución de 29 de junio de 2026 de la Dirección de la AECID, por la que se aprueba la convocatoria de Becas MAEC-AECID para la ciudadanía de países de África y Oriente Medio, 2026-2027: Programa África-Med Máster.",AGENCIA ESTATAL AGENCIA ESPAÑOLA DE COOPERACIÓN INTERNACIONAL PARA EL DESARROLLO,2026-06-30,Subvención,,https://www.infosubvenciones.es/bdnstrans/GE/es/convocatorias/916186,BDNS,0.0,0
1107837,906276,"Resolución de 18 de mayo de 2026 de la Dirección de la Agencia Española de Cooperación Internacional para el Desarrollo, por la que se aprueba la convocatoria de Becas MAEC-AECID para la ciudadanía de países de América Latina, África y Asia 2026-2027.",AGENCIA ESTATAL AGENCIA ESPAÑOLA DE COOPERACIÓN INTERNACIONAL PARA EL DESARROLLO,2026-05-18,Subvención,,https://www.infosubvenciones.es/bdnstrans/GE/es/convocatorias/906276,BDNS,0.0,0
1107822,906261,"Resolución de 18 de mayo de 2026 dela Dirección de la Agencia Española de Cooperación Internacional para el Desarrollo, por la que se aprueba la convocatoria de Becas MAEC-AECID para capacitación de jóvenes españoles 2026-2027: Programa Colegio de Europa.",AGENCIA ESTATAL AGENCIA ESPAÑOLA DE COOPERACIÓN INTERNACIONAL PARA EL DESARROLLO,2026-05-18,Subvención,,https://www.infosubvenciones.es/bdnstrans/GE/es/convocatorias/906261,BDNS,0.0,0
1107809,906248,"Resolución de 18 de mayo de 2026 de la Dirección de la Agencia Española de Cooperación Internacional para el Desarrollo, por la que se aprueba la convocatoria de Becas MAEC-AECID para residencias en la Real Academia de España en Roma, 2026-2027.",AGENCIA ESTATAL AGENCIA ESPAÑOLA DE COOPERACIÓN INTERNACIONAL PARA EL DESARROLLO,2026-05-18,Subvención,,https://www.infosubvenciones.es/bdnstrans/GE/es/convocatorias/906248,BDNS,0.0,0
1106397,904836,"Resolución, de 7 de mayo de 2026, de la Dirección de la AECID por la que se aprueba convocatoria de concesión de subvenciones para la realización de convenios de cooperación para el desarrollo sostenible y la solidaridad global para el periodo 2026-2029.",AGENCIA ESTATAL AGENCIA ESPAÑOLA DE COOPERACIÓN INTERNACIONAL PARA EL DESARROLLO,2026-05-11,Subvención,,https://www.infosubvenciones.es/bdnstrans/GE/es/convocatorias/904836,BDNS,0.0,0
1103657,902096,Resolución de la Dirección de la Agencia Española de Cooperación Internacional para el Desarrollo (AECID) por la que se convoca la décimo quinta edición del Premio Nacional de Educación para la Solidaridad Global “Vicente Ferrer”,AGENCIA ESTATAL AGENCIA ESPAÑOLA DE COOPERACIÓN INTERNACIONAL PARA EL DESARROLLO,2026-04-28,Subvención,,https://www.infosubvenciones.es/bdnstrans/GE/es/convocatorias/902096,BDNS,0.0,0
1099139,897578,Resolución de 27 de marzo de 2026 la Dirección de la AECID por la que se aprueba la convocatoria pública de concesión de subvenciones para la realización de proyectos de cooperación para el desarrollo y la solidaridad global correspondiente al año 2026,AGENCIA ESTATAL AGENCIA ESPAÑOLA DE COOPERACIÓN INTERNACIONAL PARA EL DESARROLLO,2026-04-08,Subvención,,https://www.infosubvenciones.es/bdnstrans/GE/es/convocatorias/897578,BDNS,0.0,0
1098952,897391,Resolución de 27 de marzo de 2026 de la Dirección de la AECID por la que se aprueba la convocatoria pública de concesión de subvenciones para la realización de proyectos de cooperación para el desarrollo y la solidaridad global correspondiente al año 2026,AGENCIA ESTATAL AGENCIA ESPAÑOLA DE COOPERACIÓN INTERNACIONAL PARA EL DESARROLLO,2026-04-07,Subvención,,https://www.infosubvenciones.es/bdnstrans/GE/es/convocatorias/897391,BDNS,0.0,0
1079075,877514,Resolución de 23 de diciembre de 2025 de la Presidencia de la Agencia Española de Cooperación Internacional para el Desarrollo por la que se aprueba la convocatoria de Lectorados MAEC-AECID en Universidades Extranjeras para el curso 2026/2027.,AGENCIA ESTATAL AGENCIA ESPAÑOLA DE COOPERACIÓN INTERNACIONAL PARA EL DESARROLLO,2025-12-23,Subvención,,https://www.infosubvenciones.es/bdnstrans/GE/es/convocatorias/877514,BDNS,3186430.0,146
1070501,868940,"Resolución de la Presidencia de la Agencia Española de Cooperación Internacional para el Desarrollo, por la que se aprueba la convocatoria de los Programas de Becas MAEC-AECID para capacitación de jóvenes españoles 2025-2026.",AGENCIA ESTATAL AGENCIA ESPAÑOLA DE COOPERACIÓN INTERNACIONAL PARA EL DESARROLLO,2025-11-17,Subvención,,https://www.infosubvenciones.es/bdnstrans/GE/es/convocatorias/868940,BDNS,2064300.0,90
1039249,837688,"Resolución de 2 de junio de 2025 de la Presidencia de la Agencia Española de Cooperación Internacional para el Desarrollo, por la que se aprueba la convocatoria de Becas MAEC-AECID para residencias en la Real Academia de España en Roma, 2025-2026.",AGENCIA ESTATAL AGENCIA ESPAÑOLA DE COOPERACIÓN INTERNACIONAL PARA EL DESARROLLO,2025-06-05,Subvención,,https://www.infosubvenciones.es/bdnstrans/GE/es/convocatorias/837688,BDNS,211400.0,21
1039010,837449,"Resolución de la Presidencia de la Agencia Española de Cooperación Internacional para el Desarrollo, por la que se aprueba la convocatoria de Becas MAEC-AECID para ciudadanos de países de América Latina, África y Asia 2025-2026: Programa ESCUELA DIPLOMATI",AGENCIA ESTATAL AGENCIA ESPAÑOLA DE COOPERACIÓN INTERNACIONAL PARA EL DESARROLLO,2025-06-04,Subvención,,https://www.infosubvenciones.es/bdnstrans/GE/es/convocatorias/837449,BDNS,154647.80000000002,11
1033408,831847,"Resolución de 12 de mayo de 2025 de la Presidencia de la Agencia Española de Cooperación Internacional para el Desarrollo, por la que se aprueba la convocatoria de Becas MAEC-AECID para capacitación de jóvenes españoles 2025-2026: Programa COE.",AGENCIA ESTATAL AGENCIA ESPAÑOLA DE COOPERACIÓN INTERNACIONAL PARA EL DESARROLLO,2025-05-12,Subvención,,https://www.infosubvenciones.es/bdnstrans/GE/es/convocatorias/831847,BDNS,305500.0,13
1033097,831536,Resolución de 8 de mayo de 2025 de la Presidencia de la AECID por la que se aprueba la convocatoria pública de concesión de subvenciones para la realización de proyectos de cooperación para el desarrollo correspondiente al año 2025,AGENCIA ESTATAL AGENCIA ESPAÑOLA DE COOPERACIÓN INTERNACIONAL PARA EL DESARROLLO,2025-05-09,Subvención,,https://www.infosubvenciones.es/bdnstrans/GE/es/convocatorias/831536,BDNS,53885934.0,88
1016529,814969,"Resolución de 14 de febrero de 2025 de la Presidencia de la Agencia Española de Cooperación Internacional para el Desarrollo, por la que se aprueba la convocatoria de Becas MAEC-AECID para países de América Latina y Filipinas, 2025-2026: Programa MASTER.",AGENCIA ESTATAL AGENCIA ESPAÑOLA DE COOPERACIÓN INTERNACIONAL PARA EL DESARROLLO,2025-02-14,Subvención,,https://www.infosubvenciones.es/bdnstrans/GE/es/convocatorias/814969,BDNS,2029680.94,94
1005381,803821,Resolución de 18 de diciembre de 2024 de la Presidencia de la Agencia Española de Cooperación Internacional para el Desarrollo por la que se aprueba la convocatoria de Lectorados MAEC-AECID en Universidades Extranjeras para el curso 2025/2026,AGENCIA ESTATAL AGENCIA ESPAÑOLA DE COOPERACIÓN INTERNACIONAL PARA EL DESARROLLO,2024-12-18,Subvención,,https://www.infosubvenciones.es/bdnstrans/GE/es/convocatorias/803821,BDNS,3248601.0,151
987049,785489,Resolución del 5 de abril de 2024 de la Presidencia de la AECID: Acciones Humanitarias 2024,AGENCIA ESTATAL AGENCIA ESPAÑOLA DE COOPERACIÓN INTERNACIONAL PARA EL DESARROLLO,2024-09-16,Subvención,,https://www.infosubvenciones.es/bdnstrans/GE/es/convocatorias/785489,BDNS,19999990.0,21
954659,753099,"Resolución de 5 de abril de 2024 de la Presidencia de la Agencia Española de Cooperación Internacional para el Desarrollo, por la que se aprueba la convocatoria de los Programas de Becas MAEC-AECID para capacitación de jóvenes españoles 2024-2025.",AGENCIA ESTATAL AGENCIA ESPAÑOLA DE COOPERACIÓN INTERNACIONAL PARA EL DESARROLLO,2024-04-05,Subvención,,https://www.infosubvenciones.es/bdnstrans/GE/es/convocatorias/753099,BDNS,0.0,0
954570,753010,"Resolución de 5 de abril de 2024 de la Presidencia de la AECID por la que se convocan subvenciones para el desarrollo de
acciones humanitarias 2024",AGENCIA ESTATAL AGENCIA ESPAÑOLA DE COOPERACIÓN INTERNACIONAL PARA EL DESARROLLO,2024-04-05,Subvención,,https://www.infosubvenciones.es/bdnstrans/GE/es/convocatorias/753010,BDNS,0.0,0
952351,750791,Resolución de 21 de marzo de 2024 de la Presidencia de la AECID por la que se aprueba la convocatoria pública de concesión de subvenciones para la realización de proyectos de cooperación para el desarrollo correspondiente al año 2024,AGENCIA ESTATAL AGENCIA ESPAÑOLA DE COOPERACIÓN INTERNACIONAL PARA EL DESARROLLO,2024-03-22,Subvención,,https://www.infosubvenciones.es/bdnstrans/GE/es/convocatorias/750791,BDNS,104000000.0,176
942275,740715,"Resolución de 22 de diciembre de 2023 de la Presidencia de la AECID, por la que se aprueba la convocatoria de los Programas de Becas MAEC-AECID para residencias en la Real Academia de España en Roma 2024-2025.",AGENCIA ESTATAL AGENCIA ESPAÑOLA DE COOPERACIÓN INTERNACIONAL PARA EL DESARROLLO,2024-01-23,Subvención,,https://www.infosubvenciones.es/bdnstrans/GE/es/convocatorias/740715,BDNS,0.0,0
939485,737925,"Resolución de 22 de diciembre de 2023 de la la Presidencia de la AECID, por la que se aprueba la convocatoria de los Programas de Becas MAEC-AECID para ciudadanos de países de América Latina, África y Asia 2024-2025.",AGENCIA ESTATAL AGENCIA ESPAÑOLA DE COOPERACIÓN INTERNACIONAL PARA EL DESARROLLO,2024-01-08,Subvención,,https://www.infosubvenciones.es/bdnstrans/GE/es/convocatorias/737925,BDNS,0.0,0
935055,733495,Resolución de 18 de diciembre de 2023 de la Presidencia de la Agencia Española de Cooperación Internacional para el Desarrollo por la que se aprueba la convocatoria de Lectorados MAEC-AECID en Universidades Extranjeras para el curso 2024/2025,AGENCIA ESTATAL AGENCIA ESPAÑOLA DE COOPERACIÓN INTERNACIONAL PARA EL DESARROLLO,2023-12-18,Subvención,,https://www.infosubvenciones.es/bdnstrans/GE/es/convocatorias/733495,BDNS,0.0,0
931107,729547,Convocatoria instrumental Colombia. 2023. Género. Prevención violencia de género. Cofinanciación AECID acción Coop. Delegada,AGENCIA ESTATAL AGENCIA ESPAÑOLA DE COOPERACIÓN INTERNACIONAL PARA EL DESARROLLO,2023-11-27,Subvención,,https://www.infosubvenciones.es/bdnstrans/GE/es/convocatorias/729547,BDNS,1500000.0,2
921205,719645,Resolución de la Presidencia de la Agencia Española de Cooperación Internacional para el Desarrollo (AECID) por la que se convoca la décimo tercera edición del Premio Nacional de Educación para el Desarrollo “Vicente Ferrer”. 2023,AGENCIA ESTATAL AGENCIA ESPAÑOLA DE COOPERACIÓN INTERNACIONAL PARA EL DESARROLLO,2023-10-03,Subvención,,https://www.infosubvenciones.es/bdnstrans/GE/es/convocatorias/719645,BDNS,1495.0,1
908867,707307,"Contribución AECID, ENABEL y AFD for research proposals implemented by the AFD in the framework of strategic committee of the UE-AFD Research Facility on Inequalities",AGENCIA ESTATAL AGENCIA ESPAÑOLA DE COOPERACIÓN INTERNACIONAL PARA EL DESARROLLO,2023-07-07,Subvención,,https://www.infosubvenciones.es/bdnstrans/GE/es/convocatorias/707307,BDNS,0.0,0
894849,693289,Resolución de 5 de mayo de 2023 de la Presidencia de la AECID por la que se aprueba la convocatoria de subvenciones para la realización de proyectos de cooperación para el desarrollo correspondiente al año 2023,AGENCIA ESTATAL AGENCIA ESPAÑOLA DE COOPERACIÓN INTERNACIONAL PARA EL DESARROLLO,2023-05-08,Subvención,,https://www.infosubvenciones.es/bdnstrans/GE/es/convocatorias/693289,BDNS,45000000.0,86
892252,690692,"Resolución de 25 de abril de 2023 de la Presidencia de la Agencia Española de Cooperación Internacional para el Desarrollo, por la que se aprueba la convocatoria de los Programas de Becas MAEC-AECID para capacitación de jóvenes españoles 2023-2024.",AGENCIA ESTATAL AGENCIA ESPAÑOLA DE COOPERACIÓN INTERNACIONAL PARA EL DESARROLLO,2023-04-26,Subvención,,https://www.infosubvenciones.es/bdnstrans/GE/es/convocatorias/690692,BDNS,0.0,0
889380,687820,"Resolución de la Presidencia de la Agencia Española de Cooperación Internacional para el Desarrollo, por la que se aprueba la convocatoria de los Programas de Becas MAEC-AECID para residencias en la Real Academia de España en Roma 2023-2024.",AGENCIA ESTATAL AGENCIA ESPAÑOLA DE COOPERACIÓN INTERNACIONAL PARA EL DESARROLLO,2023-04-13,Subvención,,https://www.infosubvenciones.es/bdnstrans/GE/es/convocatorias/687820,BDNS,0.0,0
885572,684012,Resolución de 24 de marzo de 2023 de la Presidencia de la AECID. Acciones humanitarias 2023,AGENCIA ESTATAL AGENCIA ESPAÑOLA DE COOPERACIÓN INTERNACIONAL PARA EL DESARROLLO,2023-03-24,Subvención,,https://www.infosubvenciones.es/bdnstrans/GE/es/convocatorias/684012,BDNS,15000000.0,19
870755,669195,"Resolución de 28 de diciembre de 2022 de la Presidencia de la Agencia Española de Cooperación Internacional para el Desarrollo por la que se aprueba la convocatoria de los Programas de Becas MAEC-AECID para países de América Latina, África, Asia 2023-2024",AGENCIA ESTATAL AGENCIA ESPAÑOLA DE COOPERACIÓN INTERNACIONAL PARA EL DESARROLLO,2023-01-09,Subvención,,https://www.infosubvenciones.es/bdnstrans/GE/es/convocatorias/669195,BDNS,0.0,0
866530,664970,Resolución de 16 de diciembre de 2022 de la Presidencia de la Agencia Española de Cooperación Internacional para el Desarrollo por la que se aprueba la convocatoria de Lectorados MAEC-AECID en Universidades Extranjeras para el curso 2023/2024,AGENCIA ESTATAL AGENCIA ESPAÑOLA DE COOPERACIÓN INTERNACIONAL PARA EL DESARROLLO,2022-12-20,Subvención,,https://www.infosubvenciones.es/bdnstrans/GE/es/convocatorias/664970,BDNS,0.0,0
856550,654990,Convocatoria Instrumental Contribución voluntaria de la AECID al Colegio de Europa de Brujas,AGENCIA ESTATAL AGENCIA ESPAÑOLA DE COOPERACIÓN INTERNACIONAL PARA EL DESARROLLO,2022-10-21,Subvención,,https://www.infosubvenciones.es/bdnstrans/GE/es/convocatorias/654990,BDNS,0.0,0
837367,635807,El premio nacional de Educación para el desarrollo Vicente Ferrer otorgado por la AECID en colaboración con el MEFP va dirigido a centros educativos sostenidos con fondos públicos que impulsen procesos educativos de ciudadanía global.,AGENCIA ESTATAL AGENCIA ESPAÑOLA DE COOPERACIÓN INTERNACIONAL PARA EL DESARROLLO,2022-06-27,Subvención,,https://www.infosubvenciones.es/bdnstrans/GE/es/convocatorias/635807,BDNS,29027.58,17
832329,630769,"Resolución de 1 de junio de 2022 la Presidencia de la AECID por la que se convocan subvenciones para la realización de proyectos de cooperación para el desarrollo, incluidos los de Educación para el desarrollo y la ciudadanía global en España.",AGENCIA ESTATAL AGENCIA ESPAÑOLA DE COOPERACIÓN INTERNACIONAL PARA EL DESARROLLO,2022-06-01,Subvención,,https://www.infosubvenciones.es/bdnstrans/GE/es/convocatorias/630769,BDNS,31857133.0,88
825252,623692,Resolución de 28 de abril de 2022 de la Presidencia de la AECID por la que se aprueba la convocatoria pública de concesión de subvenciones para la realización de convenios de cooperación para el desarrollo 2022-25,AGENCIA ESTATAL AGENCIA ESPAÑOLA DE COOPERACIÓN INTERNACIONAL PARA EL DESARROLLO,2022-04-28,Subvención,,https://www.infosubvenciones.es/bdnstrans/GE/es/convocatorias/623692,BDNS,539999997.0,189
813770,612210,"Resolución de la Presidencia de la Agencia Española de Cooperación Internacional para el Desarrollo, por la que se aprueba la convocatoria de los Programas de Becas MAEC-AECID para residencias en la Real Academia de España en Roma, curso académico 2022-20",AGENCIA ESTATAL AGENCIA ESPAÑOLA DE COOPERACIÓN INTERNACIONAL PARA EL DESARROLLO,2022-02-25,Subvención,,https://www.infosubvenciones.es/bdnstrans/GE/es/convocatorias/612210,BDNS,0.0,0
812732,611172,Resolución de 18 de febrero de 2022 de la Presidencia de la AECID. Acciones de cooperación para el desarrollo en el ámbito de la acción humanitaria 2022,AGENCIA ESTATAL AGENCIA ESPAÑOLA DE COOPERACIÓN INTERNACIONAL PARA EL DESARROLLO,2022-02-18,Subvención,,https://www.infosubvenciones.es/bdnstrans/GE/es/convocatorias/611172,BDNS,0.0,0
809420,607860,"Resolución de la Presidencia de la Agencia Española de Cooperación Internacional para el Desarrollo, por la que se aprueba la convocatoria de los Programas de Becas MAEC-AECID para capacitación de jóvenes españoles, curso académico 2022-2023.",AGENCIA ESTATAL AGENCIA ESPAÑOLA DE COOPERACIÓN INTERNACIONAL PARA EL DESARROLLO,2022-01-27,Subvención,,https://www.infosubvenciones.es/bdnstrans/GE/es/convocatorias/607860,BDNS,0.0,0
804617,603057,"Resolución de la Presidencia de la Agencia Española de Cooperación Internacional para el Desarrollo, por la que se aprueba la convocatoria de los Programas de Becas MAEC-AECID para ciudadanos de países de América Latina, África y Asia, curso 2022-2023",AGENCIA ESTATAL AGENCIA ESPAÑOLA DE COOPERACIÓN INTERNACIONAL PARA EL DESARROLLO,2021-12-28,Subvención,,https://www.infosubvenciones.es/bdnstrans/GE/es/convocatorias/603057,BDNS,0.0,0
804504,602944,Convocatoria Instrumental Filipinas 2021 CHR Apoyo a la ejecución del Proyecto GOJUST Derechos Humanos II UE-AECID,AGENCIA ESTATAL AGENCIA ESPAÑOLA DE COOPERACIÓN INTERNACIONAL PARA EL DESARROLLO,2021-12-28,Subvención,,https://www.infosubvenciones.es/bdnstrans/GE/es/convocatorias/602944,BDNS,0.0,0
802506,600946,Resolución de la Presidencia de la Agencia Española de Cooperación Internacional para el Desarrollo por la que se aprueba la convocatoria de Lectorados MAEC-AECID en Universidades Extranjeras para el curso 2022/2023,AGENCIA ESTATAL AGENCIA ESPAÑOLA DE COOPERACIÓN INTERNACIONAL PARA EL DESARROLLO,2021-12-16,Subvención,,https://www.infosubvenciones.es/bdnstrans/GE/es/convocatorias/600946,BDNS,0.0,0
789128,587568,Convocatoria Instrumental Filipinas 2021 BTA Apoyo a la ejecución del Proyecto SUBATRA Justicia y Sociedad UE-AECID,AGENCIA ESTATAL AGENCIA ESPAÑOLA DE COOPERACIÓN INTERNACIONAL PARA EL DESARROLLO,2021-10-04,Subvención,,https://www.infosubvenciones.es/bdnstrans/GE/es/convocatorias/587568,BDNS,0.0,0
776051,574491,"Resolución de 7 de julio de 2021 de la Presidencia de la AECID por la que se convocan subvenciones para la realización de proyectos de cooperación para el desarrollo, incluidos los de Educación para el desarrollo y la ciudadanía global en España",AGENCIA ESTATAL AGENCIA ESPAÑOLA DE COOPERACIÓN INTERNACIONAL PARA EL DESARROLLO,2021-07-09,Subvención,,https://www.infosubvenciones.es/bdnstrans/GE/es/convocatorias/574491,BDNS,0.0,0
771694,570134,Resolución de 15 de junio de 2021 de la Presidencia de la AECID. Subvenciones a proyectos de acción humanitaria 2021,AGENCIA ESTATAL AGENCIA ESPAÑOLA DE COOPERACIÓN INTERNACIONAL PARA EL DESARROLLO,2021-06-15,Subvención,,https://www.infosubvenciones.es/bdnstrans/GE/es/convocatorias/570134,BDNS,0.0,0
768259,566699,"Resolución de la Presidencia de la AECID, por la que se aprueba la convocatoria del Programa de Becas MAEC-AECID para capacitación de jóvenes españoles en las Oficinas Técnicas de Cooperación de la AECID, curso académico 2021-2022.",AGENCIA ESTATAL AGENCIA ESPAÑOLA DE COOPERACIÓN INTERNACIONAL PARA EL DESARROLLO,2021-05-27,Subvención,,https://www.infosubvenciones.es/bdnstrans/GE/es/convocatorias/566699,BDNS,0.0,0
756256,554696,"Resolución de la Presidencia de la Agencia Española de Cooperación Internacional para el Desarrollo, por la que se aprueba la convocatoria del Programa de Becas MAEC-AECID, Becas del Agua, para ciudadanos de países de América Latina, curso académico 2021-2022.",AGENCIA ESTATAL AGENCIA ESPAÑOLA DE COOPERACIÓN INTERNACIONAL PARA EL DESARROLLO,2021-03-24,Subvención,,https://www.infosubvenciones.es/bdnstrans/GE/es/convocatorias/554696,BDNS,0.0,0
742787,541227,"Resolución de la Presidencia de la Agencia Española de Cooperación Internacional para el Desarrollo, por la que se aprueba la convocatoria de los Programas de Becas MAEC-AECID para ciudadanos de países de América Latina, África y Asia, 2021-2022.",AGENCIA ESTATAL AGENCIA ESPAÑOLA DE COOPERACIÓN INTERNACIONAL PARA EL DESARROLLO,2020-12-22,Subvención,,https://www.infosubvenciones.es/bdnstrans/GE/es/convocatorias/541227,BDNS,0.0,0
742772,541212,"Resolución de la Presidencia de la Agencia Española de Cooperación Internacional para el Desarrollo, por la que se aprueba la convocatoria de los Programas de Becas MAEC-AECID para capacitación de jóvenes españoles y residencias artísticas, 2021-2022.",AGENCIA ESTATAL AGENCIA ESPAÑOLA DE COOPERACIÓN INTERNACIONAL PARA EL DESARROLLO,2020-12-22,Subvención,,https://www.infosubvenciones.es/bdnstrans/GE/es/convocatorias/541212,BDNS,0.0,0
741963,540403,Convocatoria Instrumental Palestina 2020 Contribución voluntaria AECID - UNRWA,AGENCIA ESTATAL AGENCIA ESPAÑOLA DE COOPERACIÓN INTERNACIONAL PARA EL DESARROLLO,2020-12-18,Subvención,,https://www.infosubvenciones.es/bdnstrans/GE/es/convocatorias/540403,BDNS,0.0,0
741962,540402,Convocatoria Instrumental Palestina 2020 Contribución voluntaria AECID - ONU MUJERES Programa SAWASYA II,AGENCIA ESTATAL AGENCIA ESPAÑOLA DE COOPERACIÓN INTERNACIONAL PARA EL DESARROLLO,2020-12-18,Subvención,,https://www.infosubvenciones.es/bdnstrans/GE/es/convocatorias/540402,BDNS,0.0,0
741960,540400,Convocatoria Instrumental Marruecos 2020 Contribución voluntaria AECID - OCDE MENA,AGENCIA ESTATAL AGENCIA ESPAÑOLA DE COOPERACIÓN INTERNACIONAL PARA EL DESARROLLO,2020-12-18,Subvención,,https://www.infosubvenciones.es/bdnstrans/GE/es/convocatorias/540400,BDNS,0.0,0
740471,538911,Resolución de la Presidencia de la Agencia Española de Cooperación Internacional para el Desarrollo por la que se aprueba la convocatoria de Lectorados MAEC-AECID en Universidades Extranjeras para el curso 2021/2022,AGENCIA ESTATAL AGENCIA ESPAÑOLA DE COOPERACIÓN INTERNACIONAL PARA EL DESARROLLO,2020-12-14,Subvención,,https://www.infosubvenciones.es/bdnstrans/GE/es/convocatorias/538911,BDNS,0.0,0
713361,511801,Resolución de 19 de junio de 2020 de la Presidencia de la AECID. Subvenciones a proyectos de acción humanitaria 2020,AGENCIA ESTATAL AGENCIA ESPAÑOLA DE COOPERACIÓN INTERNACIONAL PARA EL DESARROLLO,2020-06-19,Subvención,,https://www.infosubvenciones.es/bdnstrans/GE/es/convocatorias/511801,BDNS,0.0,0
689073,487513,"Resolución de la Presidencia de la Agencia Española de Cooperación Internacional para el Desarrollo, por la que se aprueba la convocatoria de los Programas de Becas MAEC-AECID de Arte, Educación, Ciencia y Cultura para el curso académico 2020-2021.",AGENCIA ESTATAL AGENCIA ESPAÑOLA DE COOPERACIÓN INTERNACIONAL PARA EL DESARROLLO,2019-12-18,Subvención,,https://www.infosubvenciones.es/bdnstrans/GE/es/convocatorias/487513,BDNS,0.0,0
688465,486905,Resolución de la Presidencia de la Agencia Española de Cooperación Internacional para el Desarrollo por la que se aprueba la convocatoria de Lectorados MAEC-AECID en Universidades Extranjeras para el curso 2020/2021,AGENCIA ESTATAL AGENCIA ESPAÑOLA DE COOPERACIÓN INTERNACIONAL PARA EL DESARROLLO,2019-12-16,Subvención,,https://www.infosubvenciones.es/bdnstrans/GE/es/convocatorias/486905,BDNS,0.0,0
652040,450480,Resolución de 15 de abril de la Presidencia de la AECID. Subvenciones a proyectos de acción humanitaria,AGENCIA ESTATAL AGENCIA ESPAÑOLA DE COOPERACIÓN INTERNACIONAL PARA EL DESARROLLO,2019-04-16,Subvención,,https://www.infosubvenciones.es/bdnstrans/GE/es/convocatorias/450480,BDNS,0.0,0
644973,443423,"Resolución de la Presidencia de la Agencia Española de Cooperación Internacional para el Desarrollo, por la que se aprueba la convocatoria de los Programas de Becas MAEC-AECID de Arte, Educación, Ciencia y Cultura para el curso académico 2019-2020.",AGENCIA ESTATAL AGENCIA ESPAÑOLA DE COOPERACIÓN INTERNACIONAL PARA EL DESARROLLO,2019-03-11,Subvención,,https://www.infosubvenciones.es/bdnstrans/GE/es/convocatorias/443423,BDNS,0.0,0
630854,429304,Resolución de la Presidencia de la Agencia Española de Cooperación Internacional para el Desarrollo por la que se aprueba la Convocatoria de Lectorados MAEC-AECID en Universidades Extranjeras para el curso 2019/2020.,AGENCIA ESTATAL AGENCIA ESPAÑOLA DE COOPERACIÓN INTERNACIONAL PARA EL DESARROLLO,2018-12-17,Subvención,,https://www.infosubvenciones.es/bdnstrans/GE/es/convocatorias/429304,BDNS,0.0,0
622680,421130,Convocatoria Instrumental Haití 2018 Educación Ministerio Educación Fortalecimiento servicios educativos Edukayiti AECID,AGENCIA ESTATAL AGENCIA ESPAÑOLA DE COOPERACIÓN INTERNACIONAL PARA EL DESARROLLO,2018-10-28,Subvención,,https://www.infosubvenciones.es/bdnstrans/GE/es/convocatorias/421130,BDNS,0.0,0
618639,417089,Convocatoria Instrumental Subvención nominativa Convenio de colaboración entre la AECID y el IECAH,AGENCIA ESTATAL AGENCIA ESPAÑOLA DE COOPERACIÓN INTERNACIONAL PARA EL DESARROLLO,2018-09-28,Subvención,,https://www.infosubvenciones.es/bdnstrans/GE/es/convocatorias/417089,BDNS,0.0,0
601524,399974,"Resolución de 21 de mayo de 2018, de la Presidencia de la AECID por la que se convocan subvenciones a Acciones de Cooperación para el Desarrollo correspondientes al año 2018 para la realización de proyectos de innovación para el desarrollo",AGENCIA ESTATAL AGENCIA ESPAÑOLA DE COOPERACIÓN INTERNACIONAL PARA EL DESARROLLO,2018-05-22,Subvención,,https://www.infosubvenciones.es/bdnstrans/GE/es/convocatorias/399974,BDNS,0.0,0
598795,397245,"Resolución de 25 de abril de 2017, de la Presidencia de AECID. Subvenciones Proyectos de Acción Humanitaria",AGENCIA ESTATAL AGENCIA ESPAÑOLA DE COOPERACIÓN INTERNACIONAL PARA EL DESARROLLO,2018-05-04,Subvención,,https://www.infosubvenciones.es/bdnstrans/GE/es/convocatorias/397245,BDNS,0.0,0
594494,392944,"Resolución de la Presidencia de la Agencia Española de Cooperación Internacional para el Desarrollo, por la que se aprueba una convocatoria de renovación de los Programas de Becas MAEC-AECID de “prácticas de gestión cultural en el exterior” y de “práctica",AGENCIA ESTATAL AGENCIA ESPAÑOLA DE COOPERACIÓN INTERNACIONAL PARA EL DESARROLLO,2018-04-06,Subvención,,https://www.infosubvenciones.es/bdnstrans/GE/es/convocatorias/392944,BDNS,0.0,0
590265,388715,"Resolución de la Presidencia de la Agencia Española de Cooperación Internacional para el Desarrollo, por la que se aprueba la convocatoria de los Programas de Becas MAEC-AECID de Arte, Educación y Cultura para el curso académico 2018- 2019",AGENCIA ESTATAL AGENCIA ESPAÑOLA DE COOPERACIÓN INTERNACIONAL PARA EL DESARROLLO,2018-03-07,Subvención,,https://www.infosubvenciones.es/bdnstrans/GE/es/convocatorias/388715,BDNS,0.0,0
589368,387818,Resolución de la Presidencia de la Agencia Española de Cooperación Internacional para el Desarrollo por la que se aprueba la Convocatoria de Lectorados MAEC-AECID en Universidades Extranjeras para el curso 2018/2019.,AGENCIA ESTATAL AGENCIA ESPAÑOLA DE COOPERACIÓN INTERNACIONAL PARA EL DESARROLLO,2018-02-28,Subvención,,https://www.infosubvenciones.es/bdnstrans/GE/es/convocatorias/387818,BDNS,0.0,0
558573,357025,"Resolución de 14 de julio de 2017, de la Presidencia de AECID. Subvenciones Proyectos de Acción Humanitaria",AGENCIA ESTATAL AGENCIA ESPAÑOLA DE COOPERACIÓN INTERNACIONAL PARA EL DESARROLLO,2017-07-21,Subvención,,https://www.infosubvenciones.es/bdnstrans/GE/es/convocatorias/357025,BDNS,0.0,0
556405,354857,Resolución de 10 de julio de 2017 de la Presidencia de la AECID por la que se convocan subvenciones a Acciones de Cooperación para el Desarrollo 2017 para la realización de proyectos de innovación para el desarrollo,AGENCIA ESTATAL AGENCIA ESPAÑOLA DE COOPERACIÓN INTERNACIONAL PARA EL DESARROLLO,2017-07-11,Subvención,,https://www.infosubvenciones.es/bdnstrans/GE/es/convocatorias/354857,BDNS,0.0,0
534964,333416,"Resolución de 21 de febrero de 2017, de la Presidencia de la Agencia Española de Cooperación Internacional para el Desarrollo, por la que se aprueba la convocatoria de los Programas de Becas MAEC-AECID de Arte, Educación y Cultura para el curso académico",AGENCIA ESTATAL AGENCIA ESPAÑOLA DE COOPERACIÓN INTERNACIONAL PARA EL DESARROLLO,2017-02-23,Subvención,,https://www.infosubvenciones.es/bdnstrans/GE/es/convocatorias/333416,BDNS,0.0,0
534960,333412,Resolución de 20 de febrero de 2017 de la Presidencia de la Agencia Española de Cooperación Internacional para el Desarrollo por la que se aprueba la Convocatoria de Lectorados MAEC-AECID en Universidades Extranjeras para el curso 2017/2018.,AGENCIA ESTATAL AGENCIA ESPAÑOLA DE COOPERACIÓN INTERNACIONAL PARA EL DESARROLLO,2017-02-23,Subvención,,https://www.infosubvenciones.es/bdnstrans/GE/es/convocatorias/333412,BDNS,0.0,0
507932,306384,Resolución de 13 de mayo de 2016 de la Presidencia de la AECID por la que se convocan subvenciones a Acciones de Cooperación para el Desarrollo 2016 para la realización de proyectos de innovación para el desarrollo.,AGENCIA ESTATAL AGENCIA ESPAÑOLA DE COOPERACIÓN INTERNACIONAL PARA EL DESARROLLO,2016-05-17,Subvención,,https://www.infosubvenciones.es/bdnstrans/GE/es/convocatorias/306384,BDNS,0.0,0
507791,306243,Resolución de 13 de mayo de 2016 de la AECID por la que se convocan ayudas a ONGD para proyectos de cooperación internacional para el desarrollo incluidos los de educación para el desarrollo en España,AGENCIA ESTATAL AGENCIA ESPAÑOLA DE COOPERACIÓN INTERNACIONAL PARA EL DESARROLLO,2016-05-13,Subvención,,https://www.infosubvenciones.es/bdnstrans/GE/es/convocatorias/306243,BDNS,0.0,0
502758,301210,"Resolución de 12 de febrero de 2016, de la Presidencia de la Agencia Española de Cooperación Internacional para el Desarrollo, por la que se aprueba la convocatoria de los Programas de Becas MAEC-AECID de Arte, Educación y Cultura para el curso académico",AGENCIA ESTATAL AGENCIA ESPAÑOLA DE COOPERACIÓN INTERNACIONAL PARA EL DESARROLLO,2016-02-12,Subvención,,https://www.infosubvenciones.es/bdnstrans/GE/es/convocatorias/301210,BDNS,0.0,0
502555,301007,Resolución de 29 de enero de 2016 de la Presidencia de la Agencia Española de Cooperación Internacional para el Desarrollo por la que se aprueba la convocatoria de lectorados MAEC-AECID en universidades extranjeras para el curso 2016/2017.,AGENCIA ESTATAL AGENCIA ESPAÑOLA DE COOPERACIÓN INTERNACIONAL PARA EL DESARROLLO,2016-02-05,Subvención,,https://www.infosubvenciones.es/bdnstrans/GE/es/convocatorias/301007,BDNS,0.0,0
